Precision, PageRank0.2_26, PageRank0.5_26, PageRank0.8_26
@5, 0.4, 0.2, 0.2
@10, 0.4, 0.4, 0.4
@20, 0.2, 0.2, 0.2
end, 0.16666666666666666, 0.16666666666666666, 0.16666666666666666

