NDCG, ground_trut1_NEW_SPARQL.csv
@5, 0.5939897873374548
@10, 0.6539266990034418
@20, 0.6381550388291899
end, 0.8794520799682892

