NDCG, ground_trut22_NEW_SPARQL.csv
@5, 0.14269686633494316
@10, 0.1844614252296169
@20, 0.28583434522924833
end, 0.5831377894707858

