NDCG, ground_trut21_NEW_SPARQL.csv
@5, 0.1831508357226457
@10, 0.27852855797737414
@20, 0.43855221619537543
end, 0.6516990884986412

