NDCG, ground_trut5_NEW_SPARQL.csv
@5, 0.32643284217900137
@10, 0.36650353926831525
@20, 0.46287301955145965
end, 0.7294681289479825

