NDCG, ground_trut14_NEW_SPARQL.csv
@5, 0.22584448996589257
@10, 0.2900132626220857
@20, 0.40018614109240574
end, 0.7010786827286737

