NDCG, ground_trut4_NEW_SPARQL.csv
@5, 0.26065110305770367
@10, 0.40487895330693435
@20, 0.5579605008281412
end, 0.68106161088494

