NDCG, ground_trut23_NEW_SPARQL.csv
@5, 0.26351513284390543
@10, 0.27972944975330294
@20, 0.4221590883232306
end, 0.6708980032218825

