NDCG, ground_trut10_NEW_SPARQL.csv
@5, 0.16434590090577855
@10, 0.2314030411970781
@20, 0.44090735435626943
end, 0.6335366743519952

