NDCG, ground_trut15_NEW_SPARQL.csv
@5, 0.23627413570702613
@10, 0.3243091823512813
@20, 0.4764294260168953
end, 0.630553435657298

