NDCG, ground_trut24_NEW_SPARQL.csv
@5, 0.23794700575909278
@10, 0.3703805572921288
@20, 0.5285540176014035
end, 0.6686626388839797

