NDCG, ground_trut7_NEW_SPARQL.csv
@5, 0.2787988214749519
@10, 0.369990817269509
@20, 0.5071507604348506
end, 0.7114650056444655

