NDCG, ground_trut6_NEW_SPARQL.csv
@5, 0.14253014819887672
@10, 0.23124983096562202
@20, 0.433340606132941
end, 0.5892568512681227

