NDCG, ground_trut19_NEW_SPARQL.csv
@5, 0.25547584376813803
@10, 0.28774013246391034
@20, 0.3758819924360955
end, 0.6764310137000122

