Precision, ground_trut18_NEW_SPARQL.csv
@5, 0.54
@10, 0.58
@20, 0.6200000000000001
end, 0.5999999999999999

