Precision, ground_trut9_NEW_SPARQL.csv
@5, 0.32
@10, 0.38999999999999996
@20, 0.4
end, 0.4285714285714285

