Precision, ground_trut1_NEW_SPARQL.csv
@5, 0.5599999999999999
@10, 0.66
@20, 0.6450000000000001
end, 0.5999999999999999

