Precision, ground_trut14_NEW_SPARQL.csv
@5, 0.26
@10, 0.32999999999999996
@20, 0.35
end, 0.37837837837837845

