Precision, ground_trut7_NEW_SPARQL.csv
@5, 0.4
@10, 0.43
@20, 0.37000000000000005
end, 0.34482758620689663

