Precision, ground_trut5_NEW_SPARQL.csv
@5, 0.44000000000000006
@10, 0.42000000000000004
@20, 0.385
end, 0.36842105263157887

