Precision, ground_trut3_NEW_SPARQL.csv
@5, 0.1
@10, 0.06999999999999999
@20, 0.07000000000000002
end, 0.07142857142857141

