Precision, ground_trut17_NEW_SPARQL.csv
@5, 0.22000000000000003
@10, 0.25
@20, 0.285
end, 0.28571428571428564

