F-Score, PageRank0.2_11, PageRank0.5_11, PageRank0.8_11
@5, 0.2608695652173913, 0.2608695652173913, 0.2608695652173913
@10, 0.42857142857142855, 0.42857142857142855, 0.35714285714285715
@20, 0.5263157894736842, 0.5263157894736842, 0.5263157894736842
end, 0.6206896551724138, 0.6206896551724138, 0.6206896551724138

