Recall, PageRank0.2_11, PageRank0.5_11, PageRank0.8_11
@5, 0.16666666666666666, 0.16666666666666666, 0.16666666666666666
@10, 0.3333333333333333, 0.3333333333333333, 0.2777777777777778
@20, 0.5555555555555556, 0.5555555555555556, 0.5555555555555556
end, 1.0, 1.0, 1.0

