F-Score, PageRank0.2_10, PageRank0.5_10, PageRank0.8_10
@5, 0.27586206896551724, 0.27586206896551724, 0.20689655172413793
@10, 0.4117647058823529, 0.47058823529411764, 0.47058823529411764
@20, 0.5454545454545454, 0.5, 0.5
end, 0.5517241379310345, 0.5517241379310345, 0.5517241379310345

