NDCG, ranking2combination_beta=0.2.csv, ranking2combination_beta=0.4.csv, ranking2combination_beta=0.6.csv, ranking2combination_beta=0.8.csv, ranking2combination_beta=1.0.csv, ranking_relatedness2.csv, ranking_relative_relatedness2.csv, ranking_relativeness2.csv, ranking_time_relativeness2.csv, ranking_timeliness2.csv
@5, 0.2269863073774466, 0.2269863073774466, 0.2269863073774466, 0.2269863073774466, 0.2269863073774466, 0.30973995970497936, 0.2806322818941989, 0.2742623080383283, 0.2269863073774466, 0.22581085014209742
@10, 0.2354361155255915, 0.23813514686212472, 0.23813514686212472, 0.23813514686212472, 0.23813514686212472, 0.3053132369871576, 0.3136614086835119, 0.3084903658866322, 0.27011246540946887, 0.4684461886583128
@20, 0.5977552703454724, 0.6001337987570127, 0.6001337987570127, 0.6001337987570127, 0.6001337987570127, 0.6593346660580341, 0.5918029402251228, 0.5872459452606008, 0.5534253202739173, 0.6154103302191345
end, 0.7115976339005291, 0.7138290914333527, 0.7138290914333527, 0.7138290914333527, 0.7138290914333527, 0.744310030793785, 0.7282155365968975, 0.7243884349276974, 0.7118647015877645, 0.753881976878343

