Precision, PageRank0.2_7, PageRank0.5_7, PageRank0.8_7
@5, 0.6, 0.6, 0.6
@10, 0.3, 0.3, 0.3
@20, 0.15, 0.15, 0.15
end, 0.19047619047619047, 0.19047619047619047, 0.19047619047619047

