NDCG, ranking2combination_beta=0.2.csv, ranking2combination_beta=0.4.csv, ranking2combination_beta=0.6.csv, ranking2combination_beta=0.8.csv, ranking2combination_beta=1.0.csv, ranking_relatedness2.csv, ranking_relative_relatedness2.csv, ranking_relativeness2.csv, ranking_time_relativeness2.csv, ranking_timeliness2.csv
@5, 0.41341295926815536, 0.4424068257971875, 0.4424068257971875, 0.4054949204453231, 0.4054949204453231, 0.41645921333802777, 0.4029964238438813, 0.44473023808465467, 0.18312916851804983, 0.5172335736734965
@10, 0.5241477484489835, 0.5387720191381871, 0.5404758860500698, 0.5630185795925403, 0.5630185795925403, 0.5714468820475825, 0.4753423361426839, 0.4768118544499106, 0.3891239014355378, 0.5365184477881724
@20, 0.6698971778299824, 0.6686776356837032, 0.617904955178696, 0.6369907830355203, 0.6373306293490321, 0.6890306107016668, 0.7332097254023987, 0.7091974276803364, 0.6158037386477432, 0.6108744696762475
end, 0.8118912751833595, 0.8118175994451783, 0.810344107985256, 0.8204467865557964, 0.8208054497747677, 0.8267846820376571, 0.8092610016001216, 0.8047062912510542, 0.761858256080304, 0.8098845411545038

