F-Score, PageRank0.2_15, PageRank0.5_15, PageRank0.8_15
@5, 0.3076923076923077, 0.3076923076923077, NaN
@10, 0.33333333333333326, 0.33333333333333326, 0.22222222222222224
@20, 0.4285714285714285, 0.4285714285714285, 0.35714285714285715
end, 0.4324324324324324, 0.4324324324324324, 0.4324324324324324

