Recall, PageRank0.2_2, PageRank0.5_2, PageRank0.8_2
@5, 0.3333333333333333, 0.3333333333333333, 0.3333333333333333
@10, 1.0, 1.0, 1.0
@20, 1.0, 1.0, 1.0
end, 1.0, 1.0, 1.0

