F-Score, PageRank0.2_3, PageRank0.5_3, PageRank0.8_3
@5, 0.10526315789473682, 0.10526315789473682, 0.10526315789473682
@10, 0.3333333333333333, 0.25, 0.25
@20, 0.2941176470588235, 0.2941176470588235, 0.2941176470588235
end, 0.43076923076923085, 0.43076923076923085, 0.43076923076923085

