Precision, PageRank0.2_3, PageRank0.5_3, PageRank0.8_3
@5, 0.2, 0.2, 0.2
@10, 0.4, 0.3, 0.3
@20, 0.25, 0.25, 0.25
end, 0.27450980392156865, 0.27450980392156865, 0.27450980392156865

