Recall, PageRank0.2_3, PageRank0.5_3, PageRank0.8_3
@5, 0.07142857142857142, 0.07142857142857142, 0.07142857142857142
@10, 0.2857142857142857, 0.21428571428571427, 0.21428571428571427
@20, 0.35714285714285715, 0.35714285714285715, 0.35714285714285715
end, 1.0, 1.0, 1.0

