NDCG, ranking3combination_beta=0.2.csv, ranking3combination_beta=0.4.csv, ranking3combination_beta=0.6.csv, ranking3combination_beta=0.8.csv, ranking3combination_beta=1.0.csv, ranking_relatedness3.csv, ranking_relative_relatedness3.csv, ranking_relativeness3.csv, ranking_time_relativeness3.csv, ranking_timeliness3.csv
@5, 0.34923663804538074, 0.5714548078419107, 0.5714548078419107, 0.5587148601301696, 0.4528847323879531, 0.4986376060138986, 0.23706277286063304, 0.21803156053303896, 0.0626007213611599, 0.02422572894811544
@10, 0.32113424353545966, 0.4666978571261427, 0.5007157945476085, 0.49213654381286837, 0.49872701008683024, 0.5250596563842055, 0.30529189694948083, 0.2231392674224295, 0.16258622842128254, 0.08506767684786024
@20, 0.4685552322744554, 0.5387029656307324, 0.549917284227486, 0.5666771998567192, 0.5690519178240705, 0.5923385533199722, 0.33253311550131687, 0.3407451380306762, 0.24367204217315985, 0.22432725362954
end, 0.7198689361815932, 0.7815404062216924, 0.7927235519319609, 0.7937687466300313, 0.7990211447029419, 0.8069069260327649, 0.6733760981184157, 0.646720734096935, 0.6224870900164486, 0.6105537134756205

