F-Score, PageRank0.2_26, PageRank0.5_26, PageRank0.8_26
@5, 0.3636363636363636, 0.1818181818181818, 0.1818181818181818
@10, 0.5, 0.5, 0.5
@20, 0.30769230769230765, 0.30769230769230765, 0.30769230769230765
end, 0.2857142857142857, 0.2857142857142857, 0.2857142857142857

