F-Score, PageRank0.2_7, PageRank0.5_7, PageRank0.8_7
@5, 0.6666666666666665, 0.6666666666666665, 0.6666666666666665
@10, 0.4285714285714285, 0.4285714285714285, 0.4285714285714285
@20, 0.24999999999999997, 0.24999999999999997, 0.24999999999999997
end, 0.32, 0.32, 0.32

