F-Score, PageRank0.2_16, PageRank0.5_16, PageRank0.8_16
@5, 0.4210526315789473, 0.3157894736842105, 0.3157894736842105
@10, 0.5, 0.5, 0.5
@20, 0.6470588235294117, 0.6470588235294117, 0.6470588235294117
end, 0.5833333333333334, 0.5833333333333334, 0.5833333333333334

