Recall, PageRank0.2_16, PageRank0.5_16, PageRank0.8_16
@5, 0.2857142857142857, 0.21428571428571427, 0.21428571428571427
@10, 0.42857142857142855, 0.42857142857142855, 0.42857142857142855
@20, 0.7857142857142857, 0.7857142857142857, 0.7857142857142857
end, 1.0, 1.0, 1.0

