F-Score, PageRank0.2_4, PageRank0.5_4, PageRank0.8_4
@5, 0.28571428571428575, 0.28571428571428575, 0.28571428571428575
@10, 0.16666666666666669, 0.16666666666666669, 0.16666666666666669
@20, 0.09090909090909091, 0.09090909090909091, 0.09090909090909091
end, 0.13333333333333333, 0.13333333333333333, 0.13333333333333333

