F-Score, PageRank0.2_23, PageRank0.5_23, PageRank0.8_23
@5, 0.2222222222222222, 0.2222222222222222, 0.2222222222222222
@10, 0.5217391304347826, 0.5217391304347826, 0.5217391304347826
@20, 0.5454545454545455, 0.5454545454545455, 0.5454545454545455
end, 0.65, 0.65, 0.65

