Precision, PageRank0.2_23, PageRank0.5_23, PageRank0.8_23
@5, 0.4, 0.4, 0.4
@10, 0.6, 0.6, 0.6
@20, 0.45, 0.45, 0.45
end, 0.48148148148148145, 0.48148148148148145, 0.48148148148148145

