Recall, PageRank0.2_23, PageRank0.5_23, PageRank0.8_23
@5, 0.15384615384615385, 0.15384615384615385, 0.15384615384615385
@10, 0.46153846153846156, 0.46153846153846156, 0.46153846153846156
@20, 0.6923076923076923, 0.6923076923076923, 0.6923076923076923
end, 1.0, 1.0, 1.0

