NDCG, PageRank_6
@5, 0.21792381307160794
@10, 0.4358204815650516
@20, 0.45763366009953466
end, 0.6723158203980948

