NDCG, PageRank_11
@5, 0.3391601725621944
@10, 0.4000864719842874
@20, 0.44281021690041644
end, 0.7443116722505403

