NDCG, PageRank_4
@5, 0.5669308506056829
@10, 0.5669308506056829
@20, 0.5882028683642291
end, 0.7311258948618454

