NDCG, PageRank_5
@5, 0.7312198384080241
@10, 0.8538910349959823
@20, 0.854615699604062
end, 0.9166268023422589

