NDCG, PageRank_1
@5, 1.0
@10, 1.0
@20, 0.9124021164004413
end, 0.9722602008511817

