NDCG, PageRank_22
@5, 0.3994149077188799
@10, 0.5610821078072534
@20, 0.6135206191062889
end, 0.7152629801812073

