NDCG, PageRank_8
@5, 0.16650509894330134
@10, 0.2417794204914698
@20, 0.49830719695639025
end, 0.6752259606089648

