NDCG, PageRank_18
@5, 0.18166518101235118
@10, 0.18423289254802355
@20, 0.36262289681854176
end, 0.5975874642767459

