NDCG, PageRank_14
@5, 0.5880206920129607
@10, 0.6151082817802112
@20, 0.7742669107274934
end, 0.8325530373450115

