NDCG, PageRank_26
@5, 0.21869565776432792
@10, 0.4192678082137247
@20, 0.4257976131314864
end, 0.666075986081382

