NDCG, PageRank_3
@5, 0.056230747505289336
@10, 0.2176187847407946
@20, 0.2533472813218807
end, 0.6352470405862092

