NDCG, PageRank_9
@5, 0.43128654802456623
@10, 0.39608821903781266
@20, 0.6037121286783967
end, 0.7784453244169077

