Recall, PageRank0.2_6, PageRank0.5_6, PageRank0.8_6
@5, 0.3333333333333333, 0.3333333333333333, 0.3333333333333333
@10, 0.6666666666666666, 0.6666666666666666, 0.6666666666666666
@20, 0.6666666666666666, 0.6666666666666666, 0.6666666666666666
end, 1.0, 1.0, 1.0

