F-Score, PageRank0.2_14, PageRank0.5_14, PageRank0.8_14
@5, 0.5714285714285714, 0.5714285714285714, 0.5714285714285714
@10, 0.7368421052631577, 0.7368421052631577, 0.7368421052631577
@20, 0.6206896551724138, 0.6206896551724138, 0.6206896551724138
end, 0.5625, 0.5625, 0.5625

