NDCG, ranking1combination_beta=0.2.csv, ranking1combination_beta=0.4.csv, ranking1combination_beta=0.6.csv, ranking1combination_beta=0.8.csv, ranking1combination_beta=1.0.csv, ranking_relatedness1.csv, ranking_relative_relatedness1.csv, ranking_relativeness1.csv, ranking_time_relativeness1.csv, ranking_timeliness1.csv
@5, 0.701384245878135, 0.6866602582038153, 0.669622203342092, 0.669622203342092, 0.669622203342092, 0.45002699625757986, 0.6952145186068718, 0.7042356660124872, 0.6762134226951658, 0.1595791995008716
@10, 0.7042989910595535, 0.6753304000304651, 0.665607010345698, 0.662447098270994, 0.662447098270994, 0.5369345397475521, 0.706537964643134, 0.7098491589969873, 0.7019950450653063, 0.27474582770013606
@20, 0.8443593184058024, 0.8296114947848751, 0.8178029831812593, 0.8152301488781349, 0.816175070223817, 0.6780645553788591, 0.8151516642227009, 0.8130590663125944, 0.810682235633348, 0.4283525626923248
end, 0.8658175904481817, 0.8526574856217229, 0.845584799805142, 0.8429482552574126, 0.8438319757996103, 0.7751276016745294, 0.8628638661129725, 0.8573930542957832, 0.8555530034953568, 0.6237755846937164

