NDCG, ranking1combination_beta=0.2.csv, ranking1combination_beta=0.4.csv, ranking1combination_beta=0.6.csv, ranking1combination_beta=0.8.csv, ranking1combination_beta=1.0.csv, ranking_relatedness1.csv, ranking_relative_relatedness1.csv, ranking_relativeness1.csv, ranking_time_relativeness1.csv, ranking_timeliness1.csv
@5, 0.15790734741860743, 0.183324753180202, 0.183324753180202, 0.183324753180202, 0.183324753180202, 0.183324753180202, 0.546372932839561, 0.4983676033246968, 0.5025921834556257, 0.4452172577233477
@10, 0.36410483489730205, 0.3870179347272001, 0.3870179347272001, 0.3870179347272001, 0.3870179347272001, 0.34831745584326157, 0.4803931700655195, 0.44051275005831775, 0.4685180108796681, 0.4239585909737563
@20, 0.5697249239419666, 0.5921792583198817, 0.5899090148764347, 0.5899090148764347, 0.5899090148764347, 0.5870425116502086, 0.6661623215469739, 0.6190335661210364, 0.6174538265434228, 0.6280708408269259
end, 0.6778412223195825, 0.6957562403334896, 0.6932115155309073, 0.6932115155309073, 0.6932115155309073, 0.6900209956244127, 0.7815050901044175, 0.7471054165750323, 0.7636359602982898, 0.7450422225185522

