F-Score, PageRank0.2_18, PageRank0.5_18, PageRank0.8_18
@5, 0.20000000000000004, 0.20000000000000004, 0.20000000000000004
@10, 0.13333333333333333, 0.13333333333333333, 0.13333333333333333
@20, 0.24, 0.24, 0.24
end, 0.2857142857142857, 0.2857142857142857, 0.2857142857142857

