Precision, PageRank0.2_5, PageRank0.5_5, PageRank0.8_5
@5, 1.0, 1.0, 1.0
@10, 0.8, 0.8, 0.8
@20, 0.4, 0.4, 0.4
end, 0.25806451612903225, 0.25806451612903225, 0.25806451612903225

