Precision, PageRank0.2_25, PageRank0.5_25, PageRank0.8_25
@5, 0.0, 0.0, 0.0
@10, 0.0, 0.0, 0.0
@20, 0.2, 0.2, 0.2
end, 0.2571428571428571, 0.2571428571428571, 0.2571428571428571

