F-Score, PageRank0.2_25, PageRank0.5_25, PageRank0.8_25
@5, NaN, NaN, NaN
@10, NaN, NaN, NaN
@20, 0.2758620689655173, 0.2758620689655173, 0.2758620689655173
end, 0.40909090909090906, 0.40909090909090906, 0.40909090909090906

