Recall, PageRank0.2_25, PageRank0.5_25, PageRank0.8_25
@5, 0.0, 0.0, 0.0
@10, 0.0, 0.0, 0.0
@20, 0.4444444444444444, 0.4444444444444444, 0.4444444444444444
end, 1.0, 1.0, 1.0

