NDCG, ranking1combination_beta=0.2.csv, ranking1combination_beta=0.4.csv, ranking1combination_beta=0.6.csv, ranking1combination_beta=0.8.csv, ranking1combination_beta=1.0.csv, ranking_relatedness1.csv, ranking_relative_relatedness1.csv, ranking_relativeness1.csv, ranking_time_relativeness1.csv, ranking_timeliness1.csv
@5, 0.6735522402548938, 0.7860137352654725, 0.6608397947263839, 0.6608397947263839, 0.6608397947263839, 0.6608397947263839, 0.6608122925431528, 0.7860137352654725, 0.7860137352654725, 0.7525206917150932
@10, 0.7881577410050561, 0.7939390398590095, 0.7170248719024683, 0.7170248719024683, 0.7170248719024683, 0.6806701357887817, 0.7798903866668305, 0.7939390398590095, 0.8611375561264455, 0.7826135282231633
@20, 0.7995768573333724, 0.8022812100122425, 0.751484260135216, 0.751484260135216, 0.751484260135216, 0.7499561794372124, 0.8366302994060895, 0.8482350013512268, 0.8611655782651148, 0.8292687177682515
end, 0.7357352671140076, 0.7350830486756481, 0.7264095025411091, 0.7260310072638568, 0.7257021602095902, 0.7241451923183576, 0.735048980877744, 0.951954251645542, 0.7398844362623578, 0.9240073970536743

