Recall, PageRank0.2_12, PageRank0.5_12, PageRank0.8_12
@5, 0.5, 0.5, 0.5
@10, 0.6666666666666666, 0.6666666666666666, 0.6666666666666666
@20, 0.8333333333333334, 1.0, 1.0
end, 1.0, 1.0, 1.0

