F-Score, PageRank0.2_6, PageRank0.5_6, PageRank0.8_6
@5, 0.3636363636363636, 0.3636363636363636, 0.3636363636363636
@10, 0.5, 0.5, 0.5
@20, 0.30769230769230765, 0.30769230769230765, 0.30769230769230765
end, 0.4, 0.4, 0.4

