F-Score, PageRank0.2_5, PageRank0.5_5, PageRank0.8_5
@5, 0.7692307692307693, 0.7692307692307693, 0.7692307692307693
@10, 0.888888888888889, 0.888888888888889, 0.888888888888889
@20, 0.5714285714285715, 0.5714285714285715, 0.5714285714285715
end, 0.41025641025641024, 0.41025641025641024, 0.41025641025641024

