NDCG, ranking5combination_beta=0.2.csv, ranking5combination_beta=0.4.csv, ranking5combination_beta=0.6.csv, ranking5combination_beta=0.8.csv, ranking5combination_beta=1.0.csv, ranking_relatedness5.csv, ranking_relative_relatedness5.csv, ranking_relativeness5.csv, ranking_time_relativeness5.csv, ranking_timeliness5.csv
@5, 0.6477522099264775, 0.6477522099264775, 0.6477522099264775, 0.6477522099264775, 0.6477522099264775, 0.6477522099264775, 0.6477522099264775, 0.72272653993353, 0.72272653993353, 0.0
@10, 0.8416045520456081, 0.8374368068724668, 0.8374368068724668, 0.8339821350696717, 0.7505212097977446, 0.745362097443465, 0.8416045520456081, 0.8466606829663758, 0.8466606829663758, 0.1758652716797382
@20, 0.842468970775162, 0.8383486321354894, 0.8383486321354894, 0.8349332559248285, 0.8320440339308514, 0.8206555789390498, 0.842468970775162, 0.8472246361574416, 0.8466296466659335, 0.3555023708844587
end, 0.9060796090224122, 0.9018538513242944, 0.9018538513242944, 0.8982790907914691, 0.8952048059685356, 0.8832598761228662, 0.9058259127030759, 0.91042593807303, 0.9095026118513148, 0.5875886204227643

