F-Score, PageRank0.2_21, PageRank0.5_21, PageRank0.8_21
@5, 0.3, 0.3, 0.3
@10, 0.48, 0.48, 0.48
@20, 0.7428571428571429, 0.8, 0.8
end, 0.7692307692307693, 0.7692307692307693, 0.7692307692307693

