NDCG, PageRank_2
@5, 0.5556217299984224
@10, 0.8043802490812525
@20, 0.821087475694419
end, 0.840570074726532

