NDCG, PageRank_16
@5, 0.5478030400641434
@10, 0.6156017438852827
@20, 0.7004478292843805
end, 0.837398927015373

