NDCG, PageRank_17
@5, 0.32081759649848274
@10, 0.543110159531956
@20, 0.5994775056081086
end, 0.7167709736430672

