NDCG, PageRank_27
@5, 0.1882211673932301
@10, 0.20808458077100292
@20, 0.3567256870708945
end, 0.6430117277998912

