NDCG, PageRank_20
@5, 0.8038625347240446
@10, 0.8990162767717765
@20, 0.9438976802779774
end, 0.9437862728523673

