NDCG, PageRank_7
@5, 0.8988344109462019
@10, 0.8818573083570518
@20, 0.9089970525154254
end, 0.9436825315554331

