NDCG, PageRank_25
@5, 0.0
@10, 0.02734925423850528
@20, 0.23124872909931501
end, 0.5579677137080443

