NDCG, PageRank_21
@5, 0.601910495662231
@10, 0.6256926991047859
@20, 0.8103011854624865
end, 0.869626514201102

