NDCG, PageRank_13
@5, 0.2955389163914134
@10, 0.3826987500426944
@20, 0.5866538835145151
end, 0.7279030706890317

