NDCG, PageRank_15
@5, 0.5245568537790114
@10, 0.4891647850411806
@20, 0.6800738548076454
end, 0.7537506501641849

