NDCG, PageRank_12
@5, 0.6278248466415495
@10, 0.6542806783334781
@20, 0.7269767705823812
end, 0.8410810659973461

