NDCG, PageRank_19
@5, 0.7901479761492105
@10, 0.7913381891260173
@20, 0.8035501248038318
end, 0.8916211768475326

