NDCG, PageRank_10
@5, 0.5806434459155789
@10, 0.5498118654066982
@20, 0.6478733332292353
end, 0.8398839339012724

