NDCG, ranking3combination_beta=0.2.csv, ranking3combination_beta=0.4.csv, ranking3combination_beta=0.6.csv, ranking3combination_beta=0.8.csv, ranking3combination_beta=1.0.csv, ranking_relatedness3.csv, ranking_relative_relatedness3.csv, ranking_relativeness3.csv, ranking_time_relativeness3.csv, ranking_timeliness3.csv
@5, 0.1417703701550623, 0.1417703701550623, 0.1417703701550623, 0.1417703701550623, 0.1417703701550623, 0.1417703701550623, 0.8063446907756819, 0.8063446907756819, 0.8404208004991284, 0.26974036469236917
@10, 0.42333964277165165, 0.3451381924184822, 0.3451381924184822, 0.3451381924184822, 0.3451381924184822, 0.3451381924184822, 0.8407478639266924, 0.8390460584748335, 0.8709091050414082, 0.2443773648848476
@20, 0.5307563271184903, 0.5180894322328207, 0.5113662211634622, 0.5086050782267617, 0.5086050782267617, 0.504992864463139, 0.8697128040325065, 0.8680109985806475, 0.8998740451472222, 0.43252155622125094
end, 0.6693036014672388, 0.6553195363041067, 0.6476038563712424, 0.6443846830376717, 0.6443846830376717, 0.64011899430204, 0.9136948735123878, 0.9118477630871271, 0.9341820720678429, 0.6382264477828288

