F-Score, PageRank0.2_20, PageRank0.5_20, PageRank0.8_20
@5, 0.5454545454545454, 0.5454545454545454, 0.5454545454545454
@10, 0.625, 0.625, 0.625
@20, 0.4615384615384615, 0.4615384615384615, 0.4615384615384615
end, 0.4615384615384615, 0.4615384615384615, 0.4615384615384615

