Recall, PageRank0.2_20, PageRank0.5_20, PageRank0.8_20
@5, 0.5, 0.5, 0.5
@10, 0.8333333333333334, 0.8333333333333334, 0.8333333333333334
@20, 1.0, 1.0, 1.0
end, 1.0, 1.0, 1.0

