F-Score, PageRank0.2_2, PageRank0.5_2, PageRank0.8_2
@5, 0.25, 0.25, 0.25
@10, 0.4615384615384615, 0.4615384615384615, 0.4615384615384615
@20, 0.2608695652173913, 0.2608695652173913, 0.2608695652173913
end, 0.24000000000000002, 0.24000000000000002, 0.24000000000000002

