Precision, PageRank0.2_2, PageRank0.5_2, PageRank0.8_2
@5, 0.2, 0.2, 0.2
@10, 0.3, 0.3, 0.3
@20, 0.15, 0.15, 0.15
end, 0.13636363636363635, 0.13636363636363635, 0.13636363636363635

