F-Score, PageRank0.2_17, PageRank0.5_17, PageRank0.8_17
@5, 0.20000000000000004, 0.20000000000000004, 0.20000000000000004
@10, 0.5333333333333333, 0.5333333333333333, 0.5333333333333333
@20, 0.4, 0.4, 0.4
end, 0.32258064516129037, 0.32258064516129037, 0.32258064516129037

