Precision, PageRank0.2_17, PageRank0.5_17, PageRank0.8_17
@5, 0.2, 0.2, 0.2
@10, 0.4, 0.4, 0.4
@20, 0.25, 0.25, 0.25
end, 0.19230769230769232, 0.19230769230769232, 0.19230769230769232

