NDCG, ground_trut11_NEW_SPARQL.csv
@5, 0.3115231180008921
@10, 0.37123641403739444
@20, 0.5417821557985326
end, 0.7199240612306392

