NDCG, ground_trut3_NEW_SPARQL.csv
@5, 0.18424259338765414
@10, 0.2217485435013119
@20, 0.334207779903436
end, 0.5336040946580097

