NDCG, ground_trut8_NEW_SPARQL.csv
@5, 0.300097403837377
@10, 0.3061948116134599
@20, 0.39594637569236346
end, 0.7509067448104425

