NDCG, ground_trut16_NEW_SPARQL.csv
@5, 0.2452482762874751
@10, 0.3697168123689223
@20, 0.5223844109584537
end, 0.693653849337172

