NDCG, ground_trut17_NEW_SPARQL.csv
@5, 0.2138243507854342
@10, 0.32597102138543393
@20, 0.5525941472884138
end, 0.6558735532614796

