NDCG, ground_trut9_NEW_SPARQL.csv
@5, 0.2893081989890844
@10, 0.34317783202221586
@20, 0.4213980105178011
end, 0.7390014151172645

