NDCG, ground_trut13_NEW_SPARQL.csv
@5, 0.14669779793398308
@10, 0.27407090256206934
@20, 0.42022849583218064
end, 0.6305938397109678

