NDCG, ground_trut2_NEW_SPARQL.csv
@5, 0.08912125435781046
@10, 0.1891233422889065
@20, 0.34242360775038483
end, 0.541615870402296

