NDCG, ground_trut12_NEW_SPARQL.csv
@5, 0.3511961724473752
@10, 0.3613257419147213
@20, 0.5853410315179524
end, 0.7228226588191777

