Precision, ground_trut16_NEW_SPARQL.csv
@5, 0.18
@10, 0.19
@20, 0.16999999999999998
end, 0.17391304347826084

