Precision, ground_trut15_NEW_SPARQL.csv
@5, 0.18
@10, 0.17
@20, 0.15999999999999998
end, 0.14814814814814814

