Precision, ground_trut19_NEW_SPARQL.csv
@5, 0.42000000000000004
@10, 0.33999999999999997
@20, 0.31500000000000006
end, 0.31707317073170727

