Precision, ground_trut22_NEW_SPARQL.csv
@5, 0.19999999999999998
@10, 0.16999999999999998
@20, 0.15499999999999997
end, 0.14893617021276598

