Precision, ground_trut20_NEW_SPARQL.csv
@5, 0.13999999999999999
@10, 0.21000000000000002
@20, 0.14499999999999996
end, 0.13636363636363633

