Precision, ground_trut2_NEW_SPARQL.csv
@5, 0.06000000000000001
@10, 0.1
@20, 0.11499999999999999
end, 0.10714285714285712

