Precision, ground_trut6_NEW_SPARQL.csv
@5, 0.12
@10, 0.13000000000000006
@20, 0.16999999999999998
end, 0.16666666666666669

