Precision, ground_trut12_NEW_SPARQL.csv
@5, 0.42000000000000004
@10, 0.33999999999999997
@20, 0.40499999999999997
end, 0.375

