Precision, ground_trut21_NEW_SPARQL.csv
@5, 0.21999999999999997
@10, 0.29
@20, 0.26999999999999996
end, 0.2758620689655173

