Precision, ground_trut11_NEW_SPARQL.csv
@5, 0.1
@10, 0.1
@20, 0.14500000000000002
end, 0.14814814814814814

