NDCG, ranking5combination_beta=0.2.csv, ranking5combination_beta=0.4.csv, ranking5combination_beta=0.6.csv, ranking5combination_beta=0.8.csv, ranking5combination_beta=1.0.csv, ranking_relatedness5.csv, ranking_relative_relatedness5.csv, ranking_relativeness5.csv, ranking_time_relativeness5.csv, ranking_timeliness5.csv
@5, 0.6721171360682971, 0.7251274067338431, 0.7251274067338431, 0.7251274067338431, 0.7251274067338431, 0.7251274067338431, 0.8724697990477858, 0.8724697990477858, 0.818646058763113, 0.36104384255393307
@10, 0.7298294320134217, 0.7327234986110142, 0.7327234986110142, 0.7327234986110142, 0.7327234986110142, 0.7316198596556259, 0.8644459607321989, 0.8630331651715781, 0.8170286176735424, 0.3655463062424532
@20, 0.8439280991704824, 0.8445298593675362, 0.8445298593675362, 0.8445298593675362, 0.8445298593675362, 0.843561879317694, 0.8665293524672623, 0.8652902172314954, 0.8249405322528143, 0.549411663620727
end, 0.8752462162262892, 0.875362791975783, 0.875362791975783, 0.875362791975783, 0.875362791975783, 0.8743645916218689, 0.9370574358278203, 0.9358217969957935, 0.9092925239612515, 0.7229438683205717

