NDCG, ranking2combination_beta=0.2.csv, ranking2combination_beta=0.4.csv, ranking2combination_beta=0.6.csv, ranking2combination_beta=0.8.csv, ranking2combination_beta=1.0.csv, ranking_relatedness2.csv, ranking_relative_relatedness2.csv, ranking_relativeness2.csv, ranking_time_relativeness2.csv, ranking_timeliness2.csv
@5, 0.0, 0.0, 0.0, 0.0, 0.0, 0.0, 0.21398626473452756, 0.47036528278595796, 0.47036528278595796, 0.13120507751234178
@10, 0.0, 0.0, 0.0, 0.0, 0.0, 0.0, 0.3270396664923996, 0.47036528278595796, 0.5724626779088696, 0.24425847927021385
@20, 0.1585515336711735, 0.07847428227110644, 0.07847428227110644, 0.07847428227110644, 0.07847428227110644, 0.07847428227110644, 0.4186936944207326, 0.726650697413363, 0.7531969760554371, 0.3359125071985468
end, 0.46425377753604363, 0.4559059852047746, 0.4522964926363584, 0.4486253185262186, 0.4486253185262186, 0.4467659507439163, 0.651490102769059, 0.7488351899409785, 0.7787718864902683, 0.5806118840480666

