F-Score, PageRank0.2_13, PageRank0.5_13, PageRank0.8_13
@5, 0.25, 0.25, 0.25
@10, 0.15384615384615383, 0.15384615384615383, 0.15384615384615383
@20, 0.2608695652173913, 0.2608695652173913, 0.2608695652173913
end, 0.21428571428571425, 0.21428571428571425, 0.21428571428571425

