Recall, PageRank0.2_13, PageRank0.5_13, PageRank0.8_13
@5, 0.3333333333333333, 0.3333333333333333, 0.3333333333333333
@10, 0.3333333333333333, 0.3333333333333333, 0.3333333333333333
@20, 1.0, 1.0, 1.0
end, 1.0, 1.0, 1.0

