NDCG, ranking4combination_beta=0.2.csv, ranking4combination_beta=0.4.csv, ranking4combination_beta=0.6.csv, ranking4combination_beta=0.8.csv, ranking4combination_beta=1.0.csv, ranking_relatedness4.csv, ranking_relative_relatedness4.csv, ranking_relativeness4.csv, ranking_time_relativeness4.csv, ranking_timeliness4.csv
@5, 0.13865029551137778, 0.13865029551137778, 0.13865029551137778, 0.13865029551137778, 0.13865029551137778, 0.13865029551137778, 0.12562069437770848, 0.16266408510064523, 0.09759845106038713, 0.12562069437770848
@10, 0.31954351920866486, 0.31954351920866486, 0.31954351920866486, 0.31954351920866486, 0.31954351920866486, 0.31954351920866486, 0.17275657839157496, 0.18300481762333107, 0.24594456755889182, 0.14944452262782576
@20, 0.3296063690838462, 0.32921830110971123, 0.32921830110971123, 0.36882888041711814, 0.36882888041711814, 0.36848335025438583, 0.3350772329782159, 0.34653292757716553, 0.34189421057808594, 0.28472511668889366
end, 0.6069134407196664, 0.60646295542693, 0.6053716048824099, 0.6060927174051046, 0.6060927174051046, 0.6056882457594206, 0.5702628792591361, 0.5800665918003136, 0.5798219256418179, 0.55243367568725

