F-Score, PageRank0.2_28, PageRank0.5_28, PageRank0.8_28
@5, 0.22222222222222224, 0.22222222222222224, 0.22222222222222224
@10, 0.28571428571428575, 0.28571428571428575, 0.28571428571428575
@20, 0.33333333333333337, 0.33333333333333337, 0.33333333333333337
end, 0.32, 0.32, 0.32

