NDCG, ranking8combination_beta=0.2.csv, ranking8combination_beta=0.4.csv, ranking8combination_beta=0.6.csv, ranking8combination_beta=0.8.csv, ranking8combination_beta=1.0.csv, ranking_relatedness8.csv, ranking_relative_relatedness8.csv, ranking_relativeness8.csv, ranking_time_relativeness8.csv, ranking_timeliness8.csv
@5, 0.5374140068231006, 0.5133621291304895, 0.49992684181957436, 0.48718689410783317, 0.48046925045237554, 0.4710530552380544, 0.0998878314072643, 0.09142076934610943, 0.5431562809120527, 0.2589913259346205
@10, 0.4468526903409323, 0.45950122464276083, 0.4227105852259558, 0.4097499116545509, 0.3849500907967344, 0.378026089867084, 0.31106079189130215, 0.2641871864491035, 0.5030396634734484, 0.3930057937024167
@20, 0.5141581002382065, 0.45232968667784645, 0.44350075637901526, 0.46786731229846534, 0.45171886287391694, 0.451092029862896, 0.3563675019843181, 0.3415881612698878, 0.585269871809021, 0.5006437927497811
end, 0.8085495595338422, 0.8025895044741641, 0.7957773150564941, 0.7883178364944964, 0.7846604703810943, 0.7838179304713824, 0.7353413485934207, 0.7251040927648886, 0.822607328146641, 0.7832493810634337

