NDCG, PageRank_22
@5, 0.41244450885254924
@10, 0.5728865687160912
@20, 0.6251341187872771
end, 0.7238180211355999

