NDCG, PageRank_6
@5, 0.2204071421696249
@10, 0.3497702884950126
@20, 0.3846441959980543
end, 0.6439638198607798

