NDCG, PageRank_9
@5, 0.43128654802456623
@10, 0.3975915633776239
@20, 0.5815826822996416
end, 0.7726383514439172

