NDCG, PageRank_15
@5, 0.02618925045431457
@10, 0.21490077660538426
@20, 0.35647082682484577
end, 0.5869942412078192

