NDCG, PageRank_26
@5, 0.1781701175338476
@10, 0.4351927519926151
@20, 0.43184488977675795
end, 0.672935408224178

