NDCG, PageRank_1
@5, 0.7860137352654725
@10, 0.8611375561264455
@20, 0.8597556246602048
end, 0.9469298744781494

