NDCG, PageRank_16
@5, 0.4975759273488759
@10, 0.6168260834012858
@20, 0.7043046644832263
end, 0.8433110121411737

