NDCG, PageRank_8
@5, 0.14624232882806118
@10, 0.23537694572627949
@20, 0.4943710252706172
end, 0.6721960571709619

