NDCG, PageRank_19
@5, 0.818646058763113
@10, 0.8170286176735424
@20, 0.8260826950655915
end, 0.9098041670203934

