Precision, PageRank0.2_9, PageRank0.5_9, PageRank0.8_9
@5, 0.4, 0.4, 0.4
@10, 0.3, 0.3, 0.3
@20, 0.5, 0.5, 0.45
end, 0.23728813559322035, 0.23728813559322035, 0.23728813559322035

