Precision, PageRank0.2_10, PageRank0.5_10, PageRank0.8_10
@5, 0.8, 0.8, 0.6
@10, 0.7, 0.8, 0.8
@20, 0.6, 0.55, 0.55
end, 0.38095238095238093, 0.38095238095238093, 0.38095238095238093

