Recall, PageRank0.2_10, PageRank0.5_10, PageRank0.8_10
@5, 0.16666666666666666, 0.16666666666666666, 0.125
@10, 0.2916666666666667, 0.3333333333333333, 0.3333333333333333
@20, 0.5, 0.4583333333333333, 0.4583333333333333
end, 1.0, 1.0, 1.0

