F-Score, PageRank0.2_9, PageRank0.5_9, PageRank0.8_9
@5, 0.21052631578947364, 0.21052631578947364, 0.21052631578947364
@10, 0.25, 0.25, 0.25
@20, 0.588235294117647, 0.588235294117647, 0.5294117647058824
end, 0.3835616438356164, 0.3835616438356164, 0.3835616438356164

