Recall, PageRank0.2_9, PageRank0.5_9, PageRank0.8_9
@5, 0.14285714285714285, 0.14285714285714285, 0.14285714285714285
@10, 0.21428571428571427, 0.21428571428571427, 0.21428571428571427
@20, 0.7142857142857143, 0.7142857142857143, 0.6428571428571429
end, 1.0, 1.0, 1.0

