NDCG, PageRank_8
@5, 0.16650509894330134
@10, 0.2640761764785932
@20, 0.4975421662586144
end, 0.6746020575940215

