NDCG, PageRank_27
@5, 0.1882211673932301
@10, 0.20542484505343833
@20, 0.35291448635833333
end, 0.6399788312046851

