NDCG, PageRank_18
@5, 0.17430318717519133
@10, 0.1789114888192271
@20, 0.3573875776469124
end, 0.5933078782873364

