NDCG, PageRank_9
@5, 0.43128654802456623
@10, 0.3975915633776239
@20, 0.6009007950345846
end, 0.7764118430439085

