NDCG, PageRank_6
@5, 0.15992977435789174
@10, 0.36239717643378705
@20, 0.4095122106505492
end, 0.6528441829128725

