NDCG, PageRank_11
@5, 0.2742623080383283
@10, 0.40054824965199604
@20, 0.4418924012798137
end, 0.7420636724132722

