NDCG; ranking_relatedness.csv; ranking_relativeness.csv; ranking_timeliness.csv
@10; 0.7989194116342886; 0.7989194116342886; 0.7966621814153423
@20; 0.713451465072348; 0.7131376202451787; 0.7109554963523783
@50; 0.6997133582510467; 0.6996013502122413; 0.6984102309509701
@100; 0.6949898796250674; 0.6948712144800983; 0.6940930509986457
end; 0.913023265328149; 0.9129191582652619; 0.9123121115406262

