NDCG, ground_trut18_NEW_SPARQL.csv
@5, 0.3687562689083206
@10, 0.46156316884704557
@20, 0.6192941333109516
end, 0.78293021361465

