NDCG, ground_trut20_NEW_SPARQL.csv
@5, 0.3052406796295897
@10, 0.46048595431048545
@20, 0.6285058169504393
end, 0.7333988093776854

