Precision, ground_trut24_NEW_SPARQL.csv
@5, 0.25999999999999995
@10, 0.31
@20, 0.265
end, 0.26086956521739124

