Precision, ground_trut4_NEW_SPARQL.csv
@5, 0.22000000000000003
@10, 0.26
@20, 0.225
end, 0.2173913043478261

