Precision, ground_trut8_NEW_SPARQL.csv
@5, 0.44000000000000006
@10, 0.41
@20, 0.4049999999999999
end, 0.39344262295081966

