Precision, ground_trut23_NEW_SPARQL.csv
@5, 0.30000000000000004
@10, 0.29
@20, 0.295
end, 0.32258064516129037

