Precision, ground_trut13_NEW_SPARQL.csv
@5, 0.22000000000000006
@10, 0.31
@20, 0.275
end, 0.26666666666666666

