F-Score, PageRank0.2_12, PageRank0.5_12, PageRank0.8_12
@5, 0.5454545454545454, 0.5454545454545454, 0.5454545454545454
@10, 0.5, 0.5, 0.5
@20, 0.3846153846153846, 0.4615384615384615, 0.4615384615384615
end, 0.3870967741935484, 0.3870967741935484, 0.3870967741935484

