NDCG, 21_SPARQL.csv
@5, 0.42538645799920427
@10, 0.4069583532695619
@20, 0.663000477944523
end, 0.7884870172449241

