NDCG, 9_SPARQL.csv
@5, 0.33396565594167293
@10, 0.3846025747824109
@20, 0.4150045833338802
end, 0.7419068652503559

