NDCG, 7_SPARQL.csv
@5, 0.06993257578175528
@10, 0.13762902189406082
@20, 0.4324842354881889
end, 0.5488343680056442

