NDCG, 6_SPARQL.csv
@5, 0.3412321005988094
@10, 0.4134743720344168
@20, 0.5279960928299507
end, 0.6998198219281915

