NDCG, 17_SPARQL.csv
@5, 0.33396565594167293
@10, 0.2842186788586917
@20, 0.5275875510073044
end, 0.7192268391911818

