NDCG, 28_SPARQL.csv
@5, 0.17897756564704315
@10, 0.17384772043553343
@20, 0.4490261954647878
end, 0.5575528472054803

