NDCG, 15_SPARQL.csv
@5, 0.14600018520429386
@10, 0.2307193439834461
@20, 0.4293005764934012
end, 0.6487687461170671

