NDCG, 13_SPARQL.csv
@5, 0.05973058617951576
@10, 0.44827516181621857
@20, 0.541517588399013
end, 0.6968037684549485

