NDCG, 19_SPARQL.csv
@5, 0.15590734214446253
@10, 0.21394177938365688
@20, 0.43412709627681995
end, 0.6407078510875222

