NDCG, 8_SPARQL.csv
@5, 0.7294441835889875
@10, 0.5213469265029954
@20, 0.5638243239801436
end, 0.8371235831457092

