NDCG, 20_SPARQL.csv
@5, 0.6241688395097846
@10, 0.6881258558965805
@20, 0.7088670247514661
end, 0.843327897591876

