NDCG, 5_SPARQL.csv
@5, 0.07267718684434632
@10, 0.061870149387092024
@20, 0.3030986955914016
end, 0.5697062842255151

