NDCG, 2_SPARQL.csv
@5, 0.4732766991203736
@10, 0.4613120694221434
@20, 0.638222337558284
end, 0.7143681828091527

