NDCG, PageRank_2p0.0, PageRank_2p0.2, PageRank_2p0.3, PageRank_2p0.5, PageRank_2p0.7
@5, 0.5556217299984224, 0.5556217299984224, 0.5556217299984224, 0.5556217299984224, 0.5556217299984224
@10, 0.7071745884441114, 0.7826315429851728, 0.774341244662585, 0.7857049206230817, 0.8043802490812525
@20, 0.7990355002055773, 0.8169551675517059, 0.80967834555919, 0.8216598100202012, 0.8205382542462133
end, 0.8154604650270858, 0.8353269147071438, 0.827885527818183, 0.8407847695974042, 0.8398764007728508

