NDCG, PageRank_18p0, PageRank_18p0.2, PageRank_18p0.3, PageRank_18p0.5, PageRank_18p0.7
@5, 0.2133919905761993, 0.1878349082836144, 0.1878349082836144, 0.1878349082836144, 0.19068632841796657
@10, 0.2307215302623154, 0.20891587592588542, 0.20891587592588542, 0.20891587592588542, 0.19375416499789894
@20, 0.3955112062318645, 0.37361820782827393, 0.37008442336633085, 0.37008442336633085, 0.37134502331571306
end, 0.6227906014588463, 0.6079110858501822, 0.6038946658526414, 0.6038946658526414, 0.6047882946181912

