NDCG, PageRank_13p0.0, PageRank_13p0.2, PageRank_13p0.3, PageRank_13p0.5, PageRank_13p0.7
@5, 0.4609318937436765, 0.40645590161528683, 0.40645590161528683, 0.33604054875565226, 0.33604054875565226
@10, 0.44811769295630305, 0.40610772007011625, 0.404868859702389, 0.3780080408511011, 0.3780080408511011
@20, 0.7037719555008785, 0.640372552713854, 0.639238269522918, 0.5834492112500874, 0.5819400243791485
end, 0.7867751016216386, 0.7603423069030556, 0.7593407534522352, 0.7277698471335043, 0.7260618432466264

