NDCG, PageRank_6p0.0, PageRank_6p0.2, PageRank_6p0.3, PageRank_6p0.5, PageRank_6p0.7
@5, 0.16399340694229658, 0.42588587612272444, 0.4468638004874269, 0.2765397368532988, 0.23570325408883114
@10, 0.3302860009544086, 0.39470390001716255, 0.39867792934851626, 0.36655858317702444, 0.35712581152235273
@20, 0.41620214156607316, 0.488755944600761, 0.5057651069266803, 0.47747089378540597, 0.47126090581915775
end, 0.650299759691895, 0.6975761330484789, 0.709149577994681, 0.681814232691302, 0.6821036892652295

