NDCG, PageRank_7p0.0, PageRank_7p0.2, PageRank_7p0.3, PageRank_7p0.5, PageRank_7p0.7
@5, 0.9687669867279571, 0.8988344109462019, 0.8988344109462019, 0.8988344109462019, 0.8988344109462019
@10, 0.9313728753804349, 0.9214302978783505, 0.934808374974974, 0.9318084367647972, 0.8818573083570518
@20, 0.9744970411383296, 0.9643638239874134, 0.9620838664635241, 0.9588090437843927, 0.9557140549703965
end, 0.9734648662303059, 0.9632436167874645, 0.9608664191895647, 0.9572406361907476, 0.9537026516666013

