NDCG, PageRank_14p0.0, PageRank_14p0.2, PageRank_14p0.3, PageRank_14p0.5, PageRank_14p0.7
@5, 0.33828335563786227, 0.4550568811135336, 0.5412521487608051, 0.5880206920129607, 0.5982555997830008
@10, 0.3643192620741097, 0.39574538658486746, 0.4606747282765184, 0.49844411125675814, 0.560151668320827
@20, 0.6125329093565327, 0.6461576325130952, 0.7115395705376244, 0.7496270375536604, 0.7652390186477962
end, 0.7169909313235702, 0.7474689022241112, 0.777882435693833, 0.8063313057134424, 0.8217121846040875

