NDCG, PageRank_9p0.0, PageRank_9p0.2, PageRank_9p0.3, PageRank_9p0.5, PageRank_9p0.7
@5, 0.4372130283636406, 0.4372130283636406, 0.43491760599050827, 0.43491760599050827, 0.43128654802456623
@10, 0.4560340584430649, 0.4605241650575235, 0.4642889925633601, 0.44921847560368594, 0.44706348281344327
@20, 0.5268477751512222, 0.5305660448256911, 0.5419566282719748, 0.5632458273516292, 0.6038428131310268
end, 0.7686076935101483, 0.7717068644589282, 0.7756961682886261, 0.7750388656939641, 0.7779951743096728

