NDCG, PageRank_11p0.0, PageRank_11p0.2, PageRank_11p0.3, PageRank_11p0.5, PageRank_11p0.7
@5, 0.46100282616820715, 0.3476534710366884, 0.3391601725621944, 0.3391601725621944, 0.3391601725621944
@10, 0.44557832003580894, 0.41272288878654273, 0.40366211032016924, 0.4044748362747651, 0.39887276927898074
@20, 0.5335379575460144, 0.466636003001916, 0.45287135722217603, 0.45543123840911304, 0.4444271778393214
end, 0.7823370060395684, 0.7572161246965184, 0.7505713293325081, 0.7525370032685985, 0.7473611447958124

