NDCG, PageRank_15p0, PageRank_15p0.2, PageRank_15p0.3, PageRank_15p0.5, PageRank_15p0.7
@5, 0.5576040084497351, 0.5830214142113297, 0.5830214142113297, 0.5830214142113297, 0.5830214142113297
@10, 0.6053134312683716, 0.6269694187762228, 0.6269694187762228, 0.6269694187762228, 0.6269694187762228
@20, 0.7195909992409125, 0.7431082173407102, 0.7431082173407102, 0.7431082173407102, 0.7431082173407102
end, 0.8033107404985103, 0.822598258064976, 0.822598258064976, 0.822598258064976, 0.822598258064976

