NDCG, PageRank_27p0, PageRank_27p0.2, PageRank_27p0.3, PageRank_27p0.5, PageRank_27p0.7
@5, 0.30482071436532315, 0.2397550803250651, 0.2397550803250651, 0.23817655464955279, 0.16266408510064523
@10, 0.29707764235853523, 0.2501204136696037, 0.24746067795203916, 0.24297336879350953, 0.19360315712396967
@20, 0.3779707731117321, 0.35766278004474544, 0.35473108568601075, 0.3512322639928862, 0.3413472905758822
end, 0.6763774358404607, 0.6561545477787029, 0.6525235995983303, 0.6437313983248907, 0.6337334722701862

