NDCG, PageRank_25p0, PageRank_25p0.2, PageRank_25p0.3, PageRank_25p0.5, PageRank_25p0.7
@5, 0.16071579750965365, 0.16071579750965365, 0.16071579750965365, 0.16071579750965365, 0.15317771085417084
@10, 0.21547995718313626, 0.21547995718313626, 0.21547995718313626, 0.21547995718313626, 0.2094117271556566
@20, 0.28057577099359693, 0.28057577099359693, 0.28057577099359693, 0.28057577099359693, 0.2749753412434452
end, 0.6179347939004572, 0.6179347939004572, 0.6179347939004572, 0.6179347939004572, 0.6142697498902508

