NDCG, PageRank_10p0.0, PageRank_10p0.2, PageRank_10p0.3, PageRank_10p0.5, PageRank_10p0.7
@5, 0.5806434459155789, 0.5806434459155789, 0.5806434459155789, 0.5806434459155789, 0.5806434459155789
@10, 0.5965792981898621, 0.5403802992806244, 0.6064012621631415, 0.6035753866481719, 0.6035753866481719
@20, 0.6286708899115059, 0.6383850258914342, 0.6313605197657247, 0.6627589239087868, 0.6643737393021057
end, 0.8442667302457686, 0.8420363143080588, 0.8456806812818832, 0.840920645782488, 0.8415914427971959

