NDCG, PageRank_22p0, PageRank_22p0.2, PageRank_22p0.3, PageRank_22p0.5, PageRank_22p0.7
@5, 0.33188411265388534, 0.3994149077188799, 0.3994149077188799, 0.3994149077188799, 0.3994149077188799
@10, 0.5025977826263774, 0.5637788289461717, 0.5637788289461717, 0.5637788289461717, 0.5637788289461717
@20, 0.5559823971513664, 0.6161737152814047, 0.6161737152814047, 0.6161737152814047, 0.6161737152814047
end, 0.691579816613047, 0.7179650424033504, 0.7179650424033504, 0.7179650424033504, 0.7179650424033504

