NDCG, PageRank_3p0.0, PageRank_3p0.2, PageRank_3p0.3, PageRank_3p0.5, PageRank_3p0.7
@5, 0.3718791999848039, 0.3633859015103098, 0.1695801026368081, 0.13120507751234178, 0.056230747505289336
@10, 0.3224790165655029, 0.3107298763777727, 0.2912169675896185, 0.22473857655196675, 0.2188550557661896
@20, 0.42745567713459925, 0.3357320505869495, 0.3181133233778095, 0.28461295385095065, 0.25980519072894337
end, 0.7128119900829192, 0.695541112247964, 0.6784592471984586, 0.6520411740060938, 0.6453170446942385

