NDCG, PageRank_28p0, PageRank_28p0.2, PageRank_28p0.3, PageRank_28p0.5, PageRank_28p0.7
@5, 0.48074212140496525, 0.48074212140496525, 0.48074212140496525, 0.48074212140496525, 0.48074212140496525
@10, 0.6094077349223807, 0.6094077349223807, 0.6094077349223807, 0.6094077349223807, 0.6094077349223807
@20, 0.6711941490642596, 0.6711941490642596, 0.6711941490642596, 0.6711941490642596, 0.6711941490642596
end, 0.7662477633034175, 0.7662477633034175, 0.7662477633034175, 0.7662477633034175, 0.7662477633034175

