NDCG, PageRank_24p0, PageRank_24p0.2, PageRank_24p0.3, PageRank_24p0.5, PageRank_24p0.7
@5, 0.28959830749588605, 0.28959830749588605, 0.28959830749588605, 0.28959830749588605, 0.28959830749588605
@10, 0.25796638229013613, 0.25796638229013613, 0.25796638229013613, 0.25796638229013613, 0.25796638229013613
@20, 0.4399577865363465, 0.4399577865363465, 0.4399577865363465, 0.4399577865363465, 0.4399577865363465
end, 0.6945339789627477, 0.6945339789627477, 0.6945339789627477, 0.6945339789627477, 0.6945339789627477

