NDCG, PageRank_26p0, PageRank_26p0.2, PageRank_26p0.3, PageRank_26p0.5, PageRank_26p0.7
@5, 0.2570488114307787, 0.07856775136294371, 0.06767457746511746, 0.06767457746511746, 0.20951396827179863
@10, 0.44657137981994843, 0.4038562385342544, 0.3991476964079663, 0.3941376889249964, 0.40523118281916465
@20, 0.5244246216009213, 0.41090675853654657, 0.4063703164193984, 0.4015434276832686, 0.41223144779184184
end, 0.6856463364118944, 0.6507518874263867, 0.6482146158039165, 0.6433162284592432, 0.6533826038481961

