NDCG, PageRank_1p0.0, PageRank_1p0.2, PageRank_1p0.3, PageRank_1p0.5, PageRank_1p0.7
@5, 1.0, 1.0, 1.0, 1.0, 1.0
@10, 1.0, 1.0, 1.0, 1.0, 1.0
@20, 0.9047374125480306, 0.929739817392717, 0.929739817392717, 0.9004603026053641, 0.8818363806036418
end, 0.9715412617685364, 0.9721071257388706, 0.9724693845587306, 0.9707524883618248, 0.9709755014029415

