NDCG, PageRank_12p0.0, PageRank_12p0.2, PageRank_12p0.3, PageRank_12p0.5, PageRank_12p0.7
@5, 0.5147714448836774, 0.43225581731890445, 0.6096731708870797, 0.4966197691292077, 0.6278248466415495
@10, 0.5522283137106956, 0.5527401444592128, 0.7013109655113888, 0.6390803086059579, 0.6542806783334781
@20, 0.6417916363038173, 0.6416167147666868, 0.7918915345514634, 0.7071908091656782, 0.7269767705823812
end, 0.779203171134004, 0.7787396609129869, 0.8561946021870043, 0.8197370605227605, 0.8391966832533398

