NDCG, PageRank_21p0, PageRank_21p0.2, PageRank_21p0.3, PageRank_21p0.5, PageRank_21p0.7
@5, 0.6213156142027514, 0.6466905639728766, 0.6466905639728766, 0.639972920317419, 0.601910495662231
@10, 0.7035362013794605, 0.6907435061682433, 0.6810239988979567, 0.6963078658695939, 0.6224669484425792
@20, 0.8327131626160956, 0.8491791333870801, 0.8400472607828244, 0.8317278060537991, 0.8069769542456074
end, 0.8869867148029822, 0.8974456681684859, 0.8885130181690768, 0.8813017306341087, 0.8662536869370601

