NDCG, PageRank_8p0.0, PageRank_8p0.2, PageRank_8p0.3, PageRank_8p0.5, PageRank_8p0.7
@5, 0.2578572348617286, 0.31178764099104, 0.31178764099104, 0.24507285030624507, 0.18707881159252887
@10, 0.2998607237032208, 0.29822765738165236, 0.29883220647473346, 0.2909914062506785, 0.20830109006491748
@20, 0.5247282973348907, 0.48797873174593953, 0.490703487484332, 0.4298603506278568, 0.4447242937308087
end, 0.7032604617677559, 0.7004434323808688, 0.7021072728396364, 0.6901281233021263, 0.6719295764199219

