NDCG, PageRank_23p0, PageRank_23p0.2, PageRank_23p0.3, PageRank_23p0.5, PageRank_23p0.7
@5, 0.30973995970497936, 0.30973995970497936, 0.30973995970497936, 0.30973995970497936, 0.30973995970497936
@10, 0.5243227567972153, 0.5243227567972153, 0.5243227567972153, 0.5243227567972153, 0.5243227567972153
@20, 0.6954184727653672, 0.6954184727653672, 0.6954184727653672, 0.6954184727653672, 0.6954184727653672
end, 0.7807051243012425, 0.7807051243012425, 0.7807051243012425, 0.7807051243012425, 0.7807051243012425

