NDCG, PageRank_4p0.0, PageRank_4p0.2, PageRank_4p0.3, PageRank_4p0.5, PageRank_4p0.7
@5, 0.5669308506056829, 0.5669308506056829, 0.5669308506056829, 0.5669308506056829, 0.5669308506056829
@10, 0.5669308506056829, 0.5669308506056829, 0.5669308506056829, 0.5669308506056829, 0.5669308506056829
@20, 0.6044356882123226, 0.6044356882123226, 0.5863532914138712, 0.5863532914138712, 0.5863532914138712
end, 0.7304179954746959, 0.7283404250392778, 0.7246458467674545, 0.721677097469511, 0.7266955624749167

