NDCG, PageRank_5p0.0, PageRank_5p0.2, PageRank_5p0.3, PageRank_5p0.5, PageRank_5p0.7
@5, 0.7227265726449518, 0.9030970842075382, 0.9030970842075382, 0.8061941684150765, 0.8061941684150765
@10, 0.6965844555670818, 0.9463764761328057, 0.9519365426358433, 0.8694430101197206, 0.8627210559170125
@20, 0.817492917292987, 0.9559214278271239, 0.9609810246591944, 0.8792746231510006, 0.872537376588222
end, 0.877943307084774, 0.9683867449616624, 0.973166816649774, 0.9325803793345901, 0.9261135077792733

