NDCG, PageRank_20p0, PageRank_20p0.2, PageRank_20p0.3, PageRank_20p0.5, PageRank_20p0.7
@5, 0.8038625347240446, 0.8038625347240446, 0.8038625347240446, 0.8038625347240446, 0.8038625347240446
@10, 0.8573427118811614, 0.8573427118811614, 0.8573427118811614, 0.8573427118811614, 0.8573427118811614
@20, 0.9422541598713308, 0.943252030691095, 0.943252030691095, 0.9417645916765927, 0.9417645916765927
end, 0.9420395114699834, 0.943137736164549, 0.943137736164549, 0.941473385411454, 0.941473385411454

