NDCG, PageRank_17p0, PageRank_17p0.2, PageRank_17p0.3, PageRank_17p0.5, PageRank_17p0.7
@5, 0.32081759649848274, 0.32081759649848274, 0.32081759649848274, 0.32081759649848274, 0.32081759649848274
@10, 0.543110159531956, 0.543110159531956, 0.543110159531956, 0.543110159531956, 0.543110159531956
@20, 0.5994775056081086, 0.5994775056081086, 0.5994775056081086, 0.5994775056081086, 0.5994775056081086
end, 0.7167709736430672, 0.7167709736430672, 0.7167709736430672, 0.7167709736430672, 0.7167709736430672

