NDCG, PageRank_16p0, PageRank_16p0.2, PageRank_16p0.3, PageRank_16p0.5, PageRank_16p0.7
@5, 0.5858654647193314, 0.5858654647193314, 0.5858654647193314, 0.5356383520040641, 0.5483782997158052
@10, 0.6987091475818182, 0.6690667086482915, 0.6690667086482915, 0.635458311231792, 0.6452515677260091
@20, 0.7160928253759157, 0.7069725491776303, 0.7065115112061586, 0.69556933600825, 0.7040393698936565
end, 0.8642747786426797, 0.8553928626169579, 0.8549031867479667, 0.8457465565355929, 0.852689159261556

