NDCG, PageRank_19p0, PageRank_19p0.2, PageRank_19p0.3, PageRank_19p0.5, PageRank_19p0.7
@5, 0.4075573732925678, 0.7721325280244784, 0.7901479761492105, 0.7901479761492105, 0.7901479761492105
@10, 0.5793383584952024, 0.7759892028423465, 0.7913381891260173, 0.7913381891260173, 0.7913381891260173
@20, 0.6152311810297699, 0.7877097739457788, 0.8011720683268865, 0.8011720683268865, 0.8011720683268865
end, 0.7853617800343056, 0.8779398197175062, 0.8898276333693165, 0.8898276333693165, 0.8898276333693165

