Precision, PageRank0.2_14, PageRank0.5_14, PageRank0.8_14
@5, 0.8, 0.8, 0.8
@10, 0.7, 0.7, 0.7
@20, 0.45, 0.45, 0.45
end, 0.391304347826087, 0.391304347826087, 0.391304347826087

