Recall, PageRank0.2_14, PageRank0.5_14, PageRank0.8_14
@5, 0.4444444444444444, 0.4444444444444444, 0.4444444444444444
@10, 0.7777777777777778, 0.7777777777777778, 0.7777777777777778
@20, 1.0, 1.0, 1.0
end, 1.0, 1.0, 1.0

