F-Score, PageRank0.2_8, PageRank0.5_8, PageRank0.8_8
@5, 0.23529411764705882, 0.23529411764705882, 0.23529411764705882
@10, 0.3636363636363636, 0.45454545454545453, 0.3636363636363636
@20, 0.5625000000000001, 0.5625000000000001, 0.5625000000000001
end, 0.5454545454545454, 0.5454545454545454, 0.5454545454545454

