Recall, PageRank0.2_8, PageRank0.5_8, PageRank0.8_8
@5, 0.16666666666666666, 0.16666666666666666, 0.16666666666666666
@10, 0.3333333333333333, 0.4166666666666667, 0.3333333333333333
@20, 0.75, 0.75, 0.75
end, 1.0, 1.0, 1.0

