F-Score, PageRank0.2_1, PageRank0.5_1, PageRank0.8_1
@5, 0.22727272727272727, 0.18181818181818182, 0.18181818181818182
@10, 0.4081632653061224, 0.3673469387755102, 0.3673469387755102
@20, 0.6101694915254238, 0.6101694915254238, 0.6101694915254238
end, 0.8478260869565216, 0.8478260869565216, 0.8478260869565216

