NDCG, ranking9combination_beta=0.2.csv, ranking9combination_beta=0.4.csv, ranking9combination_beta=0.6.csv, ranking9combination_beta=0.8.csv, ranking9combination_beta=1.0.csv, ranking_relatedness9.csv, ranking_relative_relatedness9.csv, ranking_relativeness9.csv, ranking_time_relativeness9.csv, ranking_timeliness9.csv
@5, 0.2996634942217929, 0.43086857173413473, 0.4118373594065407, 0.2457298898792097, 0.2457298898792097, 0.31645757064901514, 0.2932935203659224, 0.21803156053303896, 0.2742623080383283, 0.32799582471206784
@10, 0.34743822807944647, 0.33525384492233623, 0.3219138738097116, 0.2784722217734836, 0.2784722217734836, 0.2790518377074946, 0.40494020936267333, 0.36351122807424385, 0.3318273916015413, 0.36473403242515956
@20, 0.5101083215103732, 0.5599661744167522, 0.5464738292432884, 0.5100464383799002, 0.49674221074138153, 0.5044448413068157, 0.46208659485160875, 0.39547083626679685, 0.43893107829701694, 0.5227932484842936
end, 0.7656509219152586, 0.7740237230026874, 0.7655947852331559, 0.7489269766555967, 0.7481692151169803, 0.7566132487989597, 0.7510579815638555, 0.7233143370518311, 0.7389881507117292, 0.7604816844090544

