Precision, PageRank0.2_28, PageRank0.5_28, PageRank0.8_28
@5, 0.2, 0.2, 0.2
@10, 0.2, 0.2, 0.2
@20, 0.2, 0.2, 0.2
end, 0.19047619047619047, 0.19047619047619047, 0.19047619047619047

