NDCG, ranking_time_relative_relatedness1.csv
@5, 0.7860137352654725
@10, 0.8611375561264455
@20, 0.8573146602432642
end, 0.7420427483770896

