NDCG, ranking_time_relative_relatedness5.csv
@5, 0.7901479761492105
@10, 0.7913381891260173
@20, 0.8024079619910546
end, 0.8911095337883906

