NDCG, ranking_time_relative_relatedness5.csv
@5, 0.6477522099264775
@10, 0.8416045520456081
@20, 0.8418105936624961
end, 0.9050897474114775

