NDCG, ranking_time_relative_relatedness6.csv
@5, 0.25627696673805866
@10, 0.3248558274921844
@20, 0.6022690195361456
end, 0.7205847495170192

