NDCG, 16_SPARQL.csv
@5, 0.0987554846540889
@10, 0.10806567984822908
@20, 0.19006875576628998
end, 0.5272121989436998

