NDCG, 7_SPARQL.csv
@5, 0.1478889069548583
@10, 0.19434888951267015
@20, 0.2772123196069921
end, 0.6437436809628543

