NDCG, 4_SPARQL.csv
@5, 0.21931879106467495
@10, 0.21931879106467495
@20, 0.38966335090241017
end, 0.5222539749315159

