NDCG, 10_SPARQL.csv
@5, 0.5296347172140421
@10, 0.5616167279389271
@20, 0.7154374841612995
end, 0.8137202733483683

