NDCG, 18_SPARQL.csv
@5, 0.4759908431563517
@10, 0.517090423832597
@20, 0.6765035388801796
end, 0.8010820062280759

