NDCG, 1_SPARQL.csv
@5, 0.41341295926815536
@10, 0.49535729693172564
@20, 0.5560848672879047
end, 0.864466710561348

