NDCG, 13_SPARQL.csv
@5, 0.28639216044447674
@10, 0.3224561944922313
@20, 0.4606593070070807
end, 0.6553876671582024

