NDCG, 12_SPARQL.csv
@5, 0.21725751169384724
@10, 0.4247877715841081
@20, 0.6144569966477994
end, 0.7576050931544271

