NDCG, 27_SPARQL.csv
@5, 0.2937541542816366
@10, 0.3740220895748115
@20, 0.5256359148099221
end, 0.7043861701311096

