NDCG, 14_SPARQL.csv
@5, 0.22772971914090331
@10, 0.4238939157989874
@20, 0.4322686852092185
end, 0.6707107520210577

