NDCG, 3_SPARQL.csv
@5, 0.07267718684434632
@10, 0.27848000132553
@20, 0.3494953488319577
end, 0.6703192276138549

