NDCG, 6_SPARQL.csv
@5, 0.6076303611792564
@10, 0.5507000061157749
@20, 0.6518891935603129
end, 0.8111480667927795

