NDCG, 14_SPARQL.csv
@5, 0.7928781422424532
@10, 0.7057187756970469
@20, 0.8350753685939143
end, 0.8839824630965883

