NDCG, 11_SPARQL.csv
@5, 0.2570488114307787
@10, 0.2190092057964509
@20, 0.4904477657429941
end, 0.65225008889486

