NDCG, 20_SPARQL.csv
@5, 0.0
@10, 0.24711392032298665
@20, 0.48894040407943845
end, 0.5992379633284

