NDCG, PageRank_10
@5, 0.5806434459155789
@10, 0.5616288621177904
@20, 0.5960808539287938
end, 0.8277658516664836

