NDCG, PageRank_24
@5, 0.2611321305916629
@10, 0.3569912016315532
@20, 0.501256327821296
end, 0.7085166268820083

