NDCG, PageRank_13
@5, 0.2955389163914134
@10, 0.34987068911809266
@20, 0.5532458949741231
end, 0.7168041100603255

