NDCG, PageRank_14
@5, 0.5718304065892049
@10, 0.6075569075430296
@20, 0.7643963835119
end, 0.8249802969567668

