NDCG, PageRank_28
@5, 0.24851570387888514
@10, 0.4295921042836783
@20, 0.5716613072310257
end, 0.6482751733360218

