NDCG, PageRank_3
@5, 0.056230747505289336
@10, 0.15829660305391247
@20, 0.24068131987312166
end, 0.6223662592442539

