NDCG, PageRank_16
@5, 0.4975759273488759
@10, 0.6109264864762634
@20, 0.697997832000853
end, 0.8370737779094835

