NDCG, PageRank_26
@5, 0.1781701175338476
@10, 0.4346336140894688
@20, 0.4302713515493714
end, 0.6712183266350933

