NDCG, PageRank_5
@5, 0.7312198384080241
@10, 0.8538910349959823
@20, 0.8539573224913961
end, 0.9158906370506605

