NDCG, PageRank_21
@5, 0.4946185466287264
@10, 0.5432168836286192
@20, 0.7549039683277399
end, 0.8405557539913615

