NDCG, PageRank_2
@5, 0.5556217299984224
@10, 0.8043802490812525
@20, 0.8214000006544484
end, 0.8409619781917437

