NDCG, PageRank_1
@5, 0.7860137352654725
@10, 0.8611375561264455
@20, 0.8608384235124652
end, 0.9475283188277455

