NDCG, PageRank_7
@5, 0.8988344109462019
@10, 0.8828725387184359
@20, 0.9097083432475498
end, 0.9443988266453156

