NDCG, PageRank_12
@5, 0.6278248466415495
@10, 0.6542806783334781
@20, 0.7967475916438342
end, 0.848893799572131

