F-Score, PageRank0.2_24, PageRank0.5_24, PageRank0.8_24
@5, 0.1818181818181818, 0.1818181818181818, 0.1818181818181818
@10, 0.25, 0.25, 0.25
@20, 0.30769230769230765, 0.30769230769230765, 0.30769230769230765
end, 0.375, 0.375, 0.375

