Precision, PageRank0.2_24, PageRank0.5_24, PageRank0.8_24
@5, 0.2, 0.2, 0.2
@10, 0.2, 0.2, 0.2
@20, 0.2, 0.2, 0.2
end, 0.23076923076923078, 0.23076923076923078, 0.23076923076923078

