Recall, PageRank0.2_24, PageRank0.5_24, PageRank0.8_24
@5, 0.16666666666666666, 0.16666666666666666, 0.16666666666666666
@10, 0.3333333333333333, 0.3333333333333333, 0.3333333333333333
@20, 0.6666666666666666, 0.6666666666666666, 0.6666666666666666
end, 1.0, 1.0, 1.0

