NDCG, ranking_time_relative_relatedness10.csv
@5, 0.7738931964842559
@10, 0.6765639125363261
@20, 0.8243197052830016
end, 0.8748736769484322

