NDCG, ranking_time_relative_relatedness1.csv
@5, 0.4880679515918575
@10, 0.4561431608751817
@20, 0.6096273041345077
end, 0.7589342944194087

