NDCG, ranking_time_relative_relatedness2.csv
@5, 0.15947740074028244
@10, 0.37390377888404625
@20, 0.6038362261770127
end, 0.7550815054255647

