NDCG, ranking_time_relative_relatedness3.csv
@5, 0.8404208004991284
@10, 0.8709091050414082
@20, 0.8998740451472222
end, 0.9341820720678429

