NDCG, ranking_time_relative_relatedness4.csv
@5, 0.12562069437770848
@10, 0.2516827246371161
@20, 0.3466088306115218
end, 0.5841221371922096

