NDCG, ranking_time_relative_relatedness1.csv
@5, 0.701384245878135
@10, 0.7042989910595535
@20, 0.8438701816455929
end, 0.8643596893620353

