NDCG, ranking_time_relative_relatedness2.csv
@5, 0.2269863073774466
@10, 0.27011246540946887
@20, 0.5534253202739173
end, 0.7118647015877645

