NDCG, ranking_time_relative_relatedness3.csv
@5, 0.2202799315754613
@10, 0.3691135547559678
@20, 0.638939989087371
end, 0.726040605074382

