NDCG, ranking_time_relative_relatedness4.csv
@5, 0.18551136251062564
@10, 0.22232421858049592
@20, 0.37399615940773473
end, 0.6525456752162593

