NDCG, ranking_time_relative_relatedness2.csv
@5, 0.1695801026368081
@10, 0.26761938846816513
@20, 0.5281950219954005
end, 0.633326079762309

