NDCG, ranking_time_relative_relatedness5.csv
@5, 0.30989783405800986
@10, 0.43352565777965807
@20, 0.5926043071889973
end, 0.7223297996228764

