NDCG, ranking_time_relative_relatedness3.csv
@5, 0.13527790820550623
@10, 0.18734452396575638
@20, 0.2643172615716008
end, 0.6374267243505723

