NDCG, ranking_time_relative_relatedness4.csv
@5, 0.5669308506056829
@10, 0.5669308506056829
@20, 0.5888174715707672
end, 0.736729766794252

