NDCG, ranking_time_relative_relatedness7.csv
@5, 0.4110237779093261
@10, 0.43166918980338825
@20, 0.5233828284250722
end, 0.7697379115561109

