NDCG, ranking_time_relative_relatedness8.csv
@5, 0.5431562809120527
@10, 0.5442114363765458
@20, 0.5979156225372132
end, 0.82855139611232

