NDCG, ranking_time_relative_relatedness9.csv
@5, 0.2932935203659224
@10, 0.41267451805931404
@20, 0.46143719540765976
end, 0.751824875924902

