F-Score, PageRank0.2_22, PageRank0.5_22, PageRank0.8_22
@5, 0.4000000000000001, 0.4000000000000001, 0.4000000000000001
@10, 0.5333333333333333, 0.5333333333333333, 0.5333333333333333
@20, 0.4, 0.4, 0.4
end, 0.2631578947368421, 0.2631578947368421, 0.2631578947368421

