Precision, PageRank0.2_22, PageRank0.5_22, PageRank0.8_22
@5, 0.4, 0.4, 0.4
@10, 0.4, 0.4, 0.4
@20, 0.25, 0.25, 0.25
end, 0.15151515151515152, 0.15151515151515152, 0.15151515151515152

