Recall, PageRank0.2_21, PageRank0.5_21, PageRank0.8_21
@5, 0.2, 0.2, 0.2
@10, 0.4, 0.4, 0.4
@20, 0.8666666666666667, 0.9333333333333333, 0.9333333333333333
end, 1.0, 1.0, 1.0

