Precision, PageRank0.2_18, PageRank0.5_18, PageRank0.8_18
@5, 0.2, 0.2, 0.2
@10, 0.1, 0.1, 0.1
@20, 0.15, 0.15, 0.15
end, 0.16666666666666666, 0.16666666666666666, 0.16666666666666666

