NDCG, PageRank_11
@5, 0.2742623080383283
@10, 0.3318273916015413
@20, 0.4397144650647539
end, 0.7397892761210662

