NDCG, PageRank_7
@5, 0.8988344109462019
@10, 0.8828725387184359
@20, 0.9094334587785953
end, 0.9440701502422443

