NDCG, PageRank_10
@5, 0.5431562809120527
@10, 0.5596290602298917
@20, 0.5868622478345868
end, 0.8238910467916523

