NDCG, PageRank_18
@5, 0.17430318717519133
@10, 0.1789114888192271
@20, 0.36041653575714944
end, 0.5967505239995143

