NDCG, PageRank_27
@5, 0.1882211673932301
@10, 0.20149517396026065
@20, 0.3480944509138815
end, 0.6348300202182464

