NDCG, PageRank_23
@5, 0.4611504410103724
@10, 0.6133781217849172
@20, 0.6903060832619132
end, 0.8085619307118354

