NDCG, PageRank_17
@5, 0.34598841968145194
@10, 0.5449166476826737
@20, 0.6012839937588264
end, 0.7185365371946985

