NDCG, PageRank_3
@5, 0.0626007213611599
@10, 0.16258622842128254
@20, 0.2439187700275052
end, 0.6229183273642122

