NDCG, PageRank_2
@5, 0.5556217299984224
@10, 0.8035310679994013
@20, 0.8202382946125678
end, 0.839585928076034

