NDCG, PageRank_13
@5, 0.2955389163914134
@10, 0.3156837866032839
@20, 0.5509492871905789
end, 0.7143700129199252

