NDCG, PageRank_12
@5, 0.6278248466415495
@10, 0.6542806783334781
@20, 0.7991430518536918
end, 0.8516153294834651

