NDCG, PageRank_5
@5, 0.72272653993353
@10, 0.8466606829663758
@20, 0.8466296466659335
end, 0.9095026118513148

