NDCG, PageRank_21
@5, 0.4946185466287264
@10, 0.5441081657162246
@20, 0.7567541156726408
end, 0.8426643406623819

