NDCG, ranking_relatedness24.csv, ranking_relative_relatedness24.csv, ranking_relativeness24.csv, ranking_time_relatedness24.csv, ranking_time_relative_relatedness24.csv, ranking_time_relativeness24.csv, ranking_timeliness24.csv
@5, 0.1161708426112358, 0.1161708426112358, 0.1161708426112358, 0.09389836516202685, 0.1226851246642082, 0.1226851246642082, 0.07984599645357163
@10, 0.10407622225320534, 0.10407622225320534, 0.2574945263245423, 0.20476280939933103, 0.10991229825580506, 0.10991229825580506, 0.07153317894697644
@20, 0.41139256310648215, 0.4061072921898069, 0.38050720617052475, 0.4127357488722986, 0.3599422796878285, 0.3677389469536493, 0.47179271271378403
end, 0.5870233156025131, 0.5795455700676573, 0.588078337061694, 0.5876388854697292, 0.563309004951201, 0.5716023888801438, 0.5693486554992807

