NDCG, ranking_relatedness21.csv, ranking_relative_relatedness21.csv, ranking_relativeness21.csv, ranking_time_relatedness21.csv, ranking_time_relative_relatedness21.csv, ranking_time_relativeness21.csv, ranking_timeliness21.csv
@5, 0.4647145464447495, 0.5092595013431674, 0.4424420689955406, 0.4596683713412234, 0.5092595013431674, 0.5092595013431674, 0.505474889450559
@10, 0.44949869887360716, 0.4524914432303307, 0.4310544830736423, 0.7729120122223836, 0.7557082703337403, 0.6345591134769161, 0.7263779404511344
@20, 0.7157208597336324, 0.7111264935578508, 0.707714634902018, 0.7759866293414651, 0.7622016297841366, 0.7224647867530984, 0.7222887482023268
end, 0.7773376620308685, 0.7827053117196145, 0.7798266280598837, 0.8417527820644344, 0.8371917037222137, 0.806131287612377, 0.8332393811063539

