NDCG, ranking_relatedness23.csv, ranking_relative_relatedness23.csv, ranking_relativeness23.csv, ranking_time_relatedness23.csv, ranking_time_relative_relatedness23.csv, ranking_time_relativeness23.csv, ranking_timeliness23.csv
@5, 0.5941096898649005, 0.29175588025945903, 0.2133919905761993, 0.3478003668941017, 0.2133919905761993, 0.1882211673932301, 0.22075398441335914
@10, 0.6161486987650184, 0.3224626577994894, 0.2627048704126308, 0.2828953173676837, 0.21574764172369926, 0.20149517396026065, 0.2519502661029626
@20, 0.7637339982354221, 0.5015583528374923, 0.4828872348263346, 0.34496181841583895, 0.42920601642547146, 0.41550541665383217, 0.27587854750865337
end, 0.8320658154802447, 0.6928356850370938, 0.6743422615487568, 0.6630780148343094, 0.6566214351522677, 0.6405071608181672, 0.6329211509917616

