NDCG, ranking_relatedness22.csv, ranking_relative_relatedness22.csv, ranking_relativeness22.csv, ranking_time_relatedness22.csv, ranking_time_relative_relatedness22.csv, ranking_time_relativeness22.csv, ranking_timeliness22.csv
@5, 0.2204071421696249, 0.2567378688967913, 0.2204071421696249, 0.48834916286094776, 0.40010083738388474, 0.2582614465772036, 0.0
@10, 0.361694632495373, 0.36880349793082423, 0.3023380624550666, 0.5523867512351154, 0.40970759152983277, 0.39541209299991825, 0.15588903542311694
@20, 0.49935127936011814, 0.4992851750340596, 0.46591208757785085, 0.6421009670126843, 0.5106763001847933, 0.40826001265950573, 0.1812809114395597
end, 0.677838703691689, 0.682538286846277, 0.6467997560045496, 0.7728490661058913, 0.7117536386062759, 0.6857331021236521, 0.5527973196681342

