NDCG, ranking_relatedness20.csv, ranking_relative_relatedness20.csv, ranking_relativeness20.csv, ranking_time_relatedness20.csv, ranking_time_relative_relatedness20.csv, ranking_time_relativeness20.csv, ranking_timeliness20.csv
@5, 0.9444537180991301, 0.9444537180991301, 0.5110480030155538, 0.9444537180991301, 0.9444537180991301, 0.5110480030155538, 0.2798465179505032
@10, 0.8782365184740146, 0.8762072616196084, 0.6447017173576285, 0.8782365184740146, 0.8762072616196084, 0.6447017173576285, 0.4211954419169803
@20, 0.9390633147615864, 0.9386683143187703, 0.737368319530167, 0.9390633147615864, 0.9386683143187703, 0.737368319530167, 0.6685934217075662
end, 0.9508450669374473, 0.9505976504050297, 0.8276237991896471, 0.9508450669374473, 0.9505976504050297, 0.8276237991896471, 0.7463013963528545

