NDCG, ranking_relatedness19.csv, ranking_relative_relatedness19.csv, ranking_relativeness19.csv, ranking_time_relatedness19.csv, ranking_time_relative_relatedness19.csv, ranking_time_relativeness19.csv, ranking_timeliness19.csv
@5, 0.44685352999185635, 0.5780861751102729, 0.056230747505289336, 0.517695054754832, 0.5023978362377849, 0.22291347668428216, 0.4986376060138986
@10, 0.4827119901040285, 0.5965931118783523, 0.20278553426523796, 0.5719906248686797, 0.5900248805292112, 0.3057284840221007, 0.5380014676036565
@20, 0.7283979950308278, 0.6343171921602757, 0.3271572823970785, 0.6838220530995793, 0.6207853775585516, 0.42719404634741587, 0.5992706535971764
end, 0.7907899775193485, 0.8250186561759967, 0.6304098442041266, 0.8293274315084938, 0.8108339083068, 0.6828326405895423, 0.7842194632744945

