NDCG, ranking10combination_beta=0.2.csv, ranking10combination_beta=0.4.csv, ranking10combination_beta=0.6.csv, ranking10combination_beta=0.8.csv, ranking10combination_beta=1.0.csv, ranking_relatedness10.csv, ranking_relative_relatedness10.csv, ranking_relativeness10.csv, ranking_time_relativeness10.csv, ranking_timeliness10.csv
@5, 0.7738931964842559, 0.6278248466415495, 0.6043130938474478, 0.6043130938474478, 0.6043130938474478, 0.6043130938474478, 0.5599069317497283, 0.4287018542373866, 0.6278248466415495, 0.6548086577531307
@10, 0.766160883762933, 0.6567800210878378, 0.6370910766484024, 0.6370910766484024, 0.6370910766484024, 0.6305945435339269, 0.6490400222389822, 0.6403361856259374, 0.6542806783334781, 0.6430143068982646
@20, 0.8453850539146697, 0.8106007773102103, 0.7890113390490421, 0.7873191665863212, 0.7873191665863212, 0.777929214245384, 0.7524962231403532, 0.7367002511369012, 0.8005171411668054, 0.7585453356512594
end, 0.8973699384219873, 0.8640999810322963, 0.8465927498431873, 0.8447114550389686, 0.8447114550389686, 0.8351773931316743, 0.8236853757879375, 0.8078966669749514, 0.8531639689794961, 0.8344607236799964

