F-Score, PageRank0.2_27, PageRank0.5_27, PageRank0.8_27
@5, 0.13333333333333333, 0.13333333333333333, 0.13333333333333333
@10, 0.20000000000000004, 0.20000000000000004, 0.20000000000000004
@20, 0.4, 0.4, 0.4
end, 0.5555555555555556, 0.5555555555555556, 0.5555555555555556

