Precision, PageRank0.2_27, PageRank0.5_27, PageRank0.8_27
@5, 0.2, 0.2, 0.2
@10, 0.2, 0.2, 0.2
@20, 0.3, 0.3, 0.3
end, 0.38461538461538464, 0.38461538461538464, 0.38461538461538464

