NDCG, ranking5combination_beta=0.2.csv, ranking5combination_beta=0.4.csv, ranking5combination_beta=0.6.csv, ranking5combination_beta=0.8.csv, ranking5combination_beta=1.0.csv, ranking_relatedness5.csv, ranking_relative_relatedness5.csv, ranking_relativeness5.csv, ranking_time_relativeness5.csv, ranking_timeliness5.csv
@5, 0.40010083738388474, 0.23647509878155112, 0.09883052147818389, 0.09883052147818389, 0.09883052147818389, 0.07856775136294371, 0.22726504638603406, 0.08542565557935287, 0.30397135371893547, 0.2509993306453195
@10, 0.46625622574964903, 0.482067904476096, 0.44688162782094293, 0.43939928738215805, 0.43939928738215805, 0.43796720336541545, 0.3059515161885894, 0.2798087815656774, 0.3877138375841552, 0.25408762521166656
@20, 0.49730756841146556, 0.4750467193993807, 0.47209558889876047, 0.46488673244363016, 0.46488673244363016, 0.4639656595279208, 0.49521902127657597, 0.39179633233609623, 0.5154265694055487, 0.49754392247246754
end, 0.7113773559153534, 0.6923153426671368, 0.6618801230674161, 0.6548059815627297, 0.654943762818236, 0.6534023530934149, 0.6539104741942855, 0.619672115970765, 0.7146628498360299, 0.6517600828148332

