Precision, PageRank0.2_16, PageRank0.5_16, PageRank0.8_16
@5, 0.8, 0.6, 0.6
@10, 0.6, 0.6, 0.6
@20, 0.55, 0.55, 0.55
end, 0.4117647058823529, 0.4117647058823529, 0.4117647058823529

