NDCG, ranking4combination_beta=0.2.csv, ranking4combination_beta=0.4.csv, ranking4combination_beta=0.6.csv, ranking4combination_beta=0.8.csv, ranking4combination_beta=1.0.csv, ranking_relatedness4.csv, ranking_relative_relatedness4.csv, ranking_relativeness4.csv, ranking_time_relativeness4.csv, ranking_timeliness4.csv
@5, 0.28346542530284147, 0.0, 0.0, 0.0, 0.0, 0.0, 0.5669308506056829, 0.5669308506056829, 0.5669308506056829, 0.0
@10, 0.46231219623519154, 0.3909217937809029, 0.3909217937809029, 0.3807916145113588, 0.3807916145113588, 0.3726080350786145, 0.5669308506056829, 0.5669308506056829, 0.5669308506056829, 0.0
@20, 0.5009987677213046, 0.429608365267016, 0.42917511202313124, 0.4190449327535871, 0.4190449327535871, 0.4111616618132592, 0.7333133690890083, 0.7333133690890083, 0.5888174715707672, 0.02127201775854618
end, 0.6401209237632937, 0.5736730299907966, 0.5731190965467997, 0.5615500866554399, 0.5615500866554399, 0.5523527641510636, 0.7606483167197728, 0.7606483167197728, 0.7364815694191833, 0.3973186189088683

