NDCG, ranking4combination_beta=0.2.csv, ranking4combination_beta=0.4.csv, ranking4combination_beta=0.6.csv, ranking4combination_beta=0.8.csv, ranking4combination_beta=1.0.csv, ranking_relatedness4.csv, ranking_relative_relatedness4.csv, ranking_relativeness4.csv, ranking_time_relativeness4.csv, ranking_timeliness4.csv
@5, 0.1905575376141518, 0.2869478143281354, 0.33653894433007936, 0.33653894433007936, 0.33653894433007936, 0.3870186790258951, 0.21934429711633316, 0.1226851246642082, 0.1161708426112358, 0.09665917245212495
@10, 0.2731902781295125, 0.3734154005199195, 0.39070667137009546, 0.4325623812228587, 0.4325623812228587, 0.4786405158539894, 0.2363187743509233, 0.21438770218012806, 0.21330829522164257, 0.23839984688391386
@20, 0.5149611099067143, 0.5501789545753449, 0.5668819230070343, 0.5697161979203577, 0.5697161979203577, 0.6128214526988681, 0.38626267799188685, 0.3660222737089498, 0.365026078308405, 0.4154085505774093
end, 0.6809048810040352, 0.7102002975780872, 0.7261539689497024, 0.7291399970143951, 0.7291399970143951, 0.7533789135656895, 0.6632444366499529, 0.6442358757777366, 0.6440399226839977, 0.6444383207889622

