NDCG, ranking3combination_beta=0.2.csv, ranking3combination_beta=0.4.csv, ranking3combination_beta=0.6.csv, ranking3combination_beta=0.8.csv, ranking3combination_beta=1.0.csv, ranking_relatedness3.csv, ranking_relative_relatedness3.csv, ranking_relativeness3.csv, ranking_time_relativeness3.csv, ranking_timeliness3.csv
@5, 0.2202799315754613, 0.2202799315754613, 0.2202799315754613, 0.2620045784218241, 0.2620045784218241, 0.2768066324543973, 0.2202799315754613, 0.2202799315754613, 0.2202799315754613, 0.8151510484299679
@10, 0.23158320366065022, 0.23158320366065022, 0.23158320366065022, 0.264675091224974, 0.264675091224974, 0.2764146251644843, 0.3691135547559678, 0.3691135547559678, 0.3691135547559678, 0.7557567604474312
@20, 0.6180913218520344, 0.6180913218520344, 0.6180913218520344, 0.6482917876204369, 0.6482917876204369, 0.6590055733538144, 0.638939989087371, 0.638939989087371, 0.638939989087371, 0.8921411783542862
end, 0.7044441178990914, 0.7044441178990914, 0.7044441178990914, 0.717359701236457, 0.717359701236457, 0.7241981215879277, 0.726040605074382, 0.726040605074382, 0.726040605074382, 0.9108273082154402

