Precision, PageRank0.2_1, PageRank0.5_1, PageRank0.8_1
@5, 1.0, 0.8, 0.8
@10, 1.0, 0.9, 0.9
@20, 0.9, 0.9, 0.9
end, 0.7358490566037735, 0.7358490566037735, 0.7358490566037735

