Recall, PageRank0.2_1, PageRank0.5_1, PageRank0.8_1
@5, 0.1282051282051282, 0.10256410256410256, 0.10256410256410256
@10, 0.2564102564102564, 0.23076923076923078, 0.23076923076923078
@20, 0.46153846153846156, 0.46153846153846156, 0.46153846153846156
end, 1.0, 1.0, 1.0

