NDCG, ranking6combination_beta=0.2.csv, ranking6combination_beta=0.4.csv, ranking6combination_beta=0.6.csv, ranking6combination_beta=0.8.csv, ranking6combination_beta=1.0.csv, ranking_relatedness6.csv, ranking_relative_relatedness6.csv, ranking_relativeness6.csv, ranking_time_relativeness6.csv, ranking_timeliness6.csv
@5, 0.16681604147728868, 0.3170652770837792, 0.33484471810100236, 0.4927520655196098, 0.4927520655196098, 0.5098542993875099, 0.23849752572083546, 0.12846288781083795, 0.14624232882806118, 0.07949917524027848
@10, 0.2564491686884152, 0.4143844668993976, 0.4353065422978155, 0.459195575227218, 0.49701800188953854, 0.5265690536337344, 0.28061486570901645, 0.2113613929109654, 0.23537694572627949, 0.10544757181390833
@20, 0.5200137771496653, 0.5464495376757743, 0.5647935032621303, 0.5899607018792745, 0.5960959168106205, 0.6764283107496972, 0.5744601092041669, 0.5305558784079455, 0.4943710252706172, 0.343260357602576
end, 0.6979811058974172, 0.7409212961082877, 0.7566461393457387, 0.7795089319510712, 0.7859825443701328, 0.8106127427022509, 0.7186303419299024, 0.683443315392444, 0.6721960571709619, 0.6322024137083311

