Precision, PageRank0.2_15, PageRank0.5_15, PageRank0.8_15
@5, 0.4, 0.4, 0.0
@10, 0.3, 0.3, 0.2
@20, 0.3, 0.3, 0.25
end, 0.27586206896551724, 0.27586206896551724, 0.27586206896551724

