NDCG, ranking7combination_beta=0.2.csv, ranking7combination_beta=0.4.csv, ranking7combination_beta=0.6.csv, ranking7combination_beta=0.8.csv, ranking7combination_beta=1.0.csv, ranking_relatedness7.csv, ranking_relative_relatedness7.csv, ranking_relativeness7.csv, ranking_time_relativeness7.csv, ranking_timeliness7.csv
@5, 0.2840464853160432, 0.19095450208933115, 0.19095450208933115, 0.19095450208933115, 0.18409659787292199, 0.18409659787292199, 0.33016060417325005, 0.26353904730722494, 0.38328121850970204, 0.4110237779093261
@10, 0.3770858336032389, 0.28992383553751705, 0.2828180435441252, 0.19456571466537728, 0.18908222899539795, 0.18908222899539795, 0.4451719527199149, 0.3220722283069576, 0.3592071636877685, 0.5083135096359933
@20, 0.4580626853410053, 0.4410988473269995, 0.44202043873421726, 0.43589319844346797, 0.4069531052349897, 0.40512801524357367, 0.510657972830992, 0.47092349788607135, 0.5485867995876502, 0.4806598751306482
end, 0.7276433014331857, 0.7025165722291749, 0.6961553172607132, 0.690230468829985, 0.6864936944587802, 0.6828714842902505, 0.7540076136380413, 0.7209157200084108, 0.7525785796333185, 0.7473619179280085

