Precision, PageRank0.2_4, PageRank0.5_4, PageRank0.8_4
@5, 0.2, 0.2, 0.2
@10, 0.1, 0.1, 0.1
@20, 0.05, 0.05, 0.05
end, 0.07142857142857142, 0.07142857142857142, 0.07142857142857142

