F-Score, PageRank0.2_19, PageRank0.5_19, PageRank0.8_19
@5, 0.4444444444444445, 0.4444444444444445, 0.4444444444444445
@10, 0.28571428571428575, 0.28571428571428575, 0.28571428571428575
@20, 0.24999999999999997, 0.24999999999999997, 0.24999999999999997
end, 0.2666666666666667, 0.2666666666666667, 0.2666666666666667

