Precision, PageRank0.2_19, PageRank0.5_19, PageRank0.8_19
@5, 0.4, 0.4, 0.4
@10, 0.2, 0.2, 0.2
@20, 0.15, 0.15, 0.15
end, 0.15384615384615385, 0.15384615384615385, 0.15384615384615385

